id,category
0,0.5970291660864308
1,0.3311914100615873
2,0.3448016161292793
3,0.4187100222461349
4,0.2787937626205862
5,0.29043314029029427
6,0.592749106991211
7,0.39072885770912025
8,0.4746191059478012
9,0.19581679011302397
10,0.4020906609396945
11,0.4003082609820078
12,0.390891425977208
13,0.33863437985808437
14,0.7492415054675314
15,0.2863715852092655
16,0.1895554700834194
17,0.38800663713854
18,0.47900470638558645
19,0.3161218598726571
